driverId,name,ssn,location,certified,wage-plan
10,Margaret Obrien,068-73-3336,"6145 Angela Groves
West Kylestad, ND 98127",Y,hours
11,Lynn Hull,658-97-4725,"29456 Rivas Pass
South Jamestown, VI 72135",Y,hours
12,Martha Williams,194-01-8393,"857 Patton Wells
North Alexandraton, SC 83882",Y,hours
13,Deborah Rivera,417-96-2141,"172 Mitchell Pine
New Laurahaven, NM 34005",Y,hours
14,Christian Cunningham,526-35-1349,"2297 Stephanie Unions
Marshallfurt, TN 91325",N,hours
15,James Hansen,792-37-9817,"7057 Torres Circles
Leviport, KY 58299",Y,hours
16,Donna Novak MD,496-40-3412,"6490 Elizabeth Drive Apt. 605
South Sharon, UT 93188",Y,hours
17,Brenda James,619-20-9127,"6844 Thomas Tunnel
Lake Debbiemouth, FL 74165",N,hours
18,Timothy Chen Jr.,699-13-4447,"012 Martin Court
Rodriguezbury, HI 48412",N,miles
19,David Chavez Jr.,736-14-7797,"377 Baker Valleys
South Gregorymouth, IL 50066",N,miles
20,Mr. Jason Robles MD,338-32-7806,"496 Baker Club Suite 315
Lake Taylor, MT 86278",Y,hours
21,Kirk Green,208-36-9926,"82376 Angela Forest Apt. 451
Port Davidstad, PA 89054",N,miles
22,Kevin Rodriguez,111-73-9386,"Unit 0560 Box 4298
DPO AE 99198",N,miles
23,Donna Simmons,517-22-2439,"27839 Morgan Mission
North Ethan, OR 01394",N,miles
24,Jasmine York,328-59-5326,"02298 Alisha Stream Suite 376
Brownside, GU 09140",Y,hours
25,Blake Stewart,006-36-1888,"44475 Jones Common
Madisonchester, AS 96204",Y,miles
26,Matthew Schneider,095-04-8722,"725 Michael Shores Suite 005
Alejandrofort, WY 50317",N,hours
27,Brian Lopez,843-65-4339,"1891 Johnson Lakes Apt. 977
East Brooke, MD 96455",Y,miles
28,Bryan Morris,595-30-2616,"8634 Herrera Vista
Jamesland, KY 96609",N,miles
29,Victor Hernandez,650-22-3426,"36607 Robert Via
Hendersonside, DE 37788",Y,miles
30,Lindsay Conley,198-42-4962,"568 Hodge Prairie Apt. 447
Danielbury, MD 36779",N,miles
31,Douglas Evans,088-50-5322,"337 Nancy Freeway
West Jennifer, AR 81311",Y,miles
32,Crystal Clark,448-20-7111,"USNS Turner
FPO AP 81209",Y,miles
33,Robert Stevens,630-36-6496,"04866 Jackson Mountain Apt. 249
Huberton, SD 07475",N,hours
34,Alexander Tran,020-53-2154,"Unit 7923 Box 1801
DPO AA 17269",Y,miles
35,Aaron Matthews,295-45-1910,"31472 Elizabeth Flat Apt. 108
Patriciaview, IA 65359",Y,miles
36,Rebekah Chapman,804-03-4211,"2027 Harris Ways Suite 432
Brittanyport, OH 25186",Y,miles
37,Monica Fitzgerald,467-93-5875,"79015 Robin Forges Apt. 791
Careymouth, MO 27797",Y,miles
38,Angela Miller,100-96-4264,"25081 Park Views Apt. 952
East David, WY 09285",Y,miles
39,Ashley Hill,497-22-6334,"461 Yvonne Port Apt. 539
Parkerberg, MT 87141",Y,hours
40,Mark Roth,453-59-5386,"969 Yesenia Parkway
Jamesport, MS 35549",Y,hours
41,Christopher Ward,048-62-3290,"19265 Evans Meadow Suite 180
North Elaineville, ND 33998",N,hours
42,Valerie Robinson DDS,397-52-0294,"139 Ricardo Shore Apt. 651
South Joycetown, VA 57261",N,miles
43,Amy Morales MD,401-75-5200,"675 Gaines Brooks
Williamborough, DE 21920",N,hours
44,Brian Gonzalez,264-14-0494,"746 David Station Suite 523
West Sarahport, FL 00565",N,hours
45,Jason Alexander,416-04-0089,"308 Johnson Island
New Michael, FL 34214",Y,hours
46,Samantha Miller,712-64-3527,"605 Leah Stream
Petersonside, UT 67054",N,miles
47,Frank Smith,487-18-5781,"7123 Gordon Falls
Alvaradoland, ND 99003",Y,hours
48,Daniel Ramirez,186-39-9314,"00391 Duffy Courts
Santanaland, NM 07544",Y,miles
49,Vanessa Michael,453-54-6910,"40946 Lester Courts
South Hunter, FM 29437",N,miles
50,Karen Rivera,664-33-2375,"02025 Riley Manor
Josephstad, AR 03758",Y,miles
51,Amber Brown,822-69-9949,"577 Andrew Street Suite 107
Williamston, NM 25433",Y,hours
52,Dr. Derek Singleton,841-30-0075,"0630 Megan Village Suite 011
South Taraview, WY 13575",N,miles
53,Bryan Miller,638-31-2618,"2577 Anderson Pass
East John, IN 59433",Y,hours
54,Mr. Carlos Armstrong,186-51-9774,"3366 Buckley Track Apt. 145
North Donald, NC 11936",Y,hours
55,Jason Griffin,397-08-1910,"586 Barrera Hollow Suite 391
Alvinhaven, AR 26233",Y,hours
56,John Dalton,589-40-6896,"079 Kelly Hollow Suite 663
Normanberg, GU 69910",N,miles
57,Kristin Schmidt,696-39-1768,"617 Mcclure Hills
New Jackie, WV 90368",Y,miles
58,Brenda Gaines,017-81-2783,"PSC 5662, Box 0923
APO AA 72018",Y,miles
59,Jennifer Middleton,659-97-0453,"8168 Evans Fall Suite 793
North Katrina, NE 22527",Y,hours
60,Angela King,764-25-3944,"07549 Candace Pike
Meghantown, NM 94948",N,miles
61,Jesse Rhodes,005-97-8086,"USCGC Sandoval
FPO AA 15120",N,miles
62,Christina Palmer,139-31-2083,"2678 Fox Green
West Robertport, AK 22502",Y,miles
63,Gina Davis,348-68-6792,"096 Morris Shore Suite 539
Lanestad, IN 02180",N,miles
64,Vanessa Zamora,106-67-8749,"7543 Gill Unions Apt. 595
East Ginastad, RI 61728",N,miles
65,Paula Hayden,007-69-5731,"417 Kathy Green
South Eddie, SC 31010",N,miles
66,Lori Duarte,024-77-9520,"7298 Kimberly Gardens
Villarrealburgh, WY 85006",Y,miles
67,Joseph Shields,886-69-0438,"461 Amanda Ports
Ronaldburgh, MP 08409",Y,miles
68,Derrick Jones,892-56-4469,"USNS Smith
FPO AE 16892",N,miles
69,Krystal Lowery,704-27-6139,"USNS Mann
FPO AP 51861",Y,miles
70,Monica Ward DDS,316-33-2327,"016 Angela Vista Suite 703
North Dennis, CA 11468",Y,hours
71,Christina Harris,248-85-1364,"0669 Jamie Trail
East Danielstad, AS 14692",N,hours
72,Joseph Johnson,845-73-1520,"4915 Valencia Way
Jeremyberg, IA 75038",Y,miles
73,Amber Ward,788-21-6441,"825 Lucas Path
New Michelle, MO 28143",N,hours
74,Alicia Alvarado,377-52-8830,"Unit 2634 Box 8851
DPO AE 83667",Y,hours
75,Patricia Perry,596-13-2013,"13582 Linda Squares Suite 861
East Holly, WI 13323",N,hours
76,Martha Jones,405-58-7132,"6255 Louis Square
South Evelyn, IN 39481",N,miles
77,Barbara Ramirez,238-35-0294,"74130 John Route
East Kelly, MO 89203",N,hours
78,David Buckley,218-68-6417,"024 Austin Center
Heidiville, WA 62087",N,miles
79,Laura Barrett,232-74-5485,"042 Norma Forks Suite 054
North Stanley, CA 16062",Y,hours
80,Cynthia Gardner,876-29-9540,"2850 Pace Extension
Grahamfurt, AS 96026",Y,miles
81,John Thompson,731-54-5666,"USCGC Crosby
FPO AP 08224",Y,hours
82,Kevin Smith,316-09-7432,"26049 Taylor Via
Lake Keith, MT 19896",N,miles
83,Renee Berry,474-05-0773,"08019 Perkins Wells Suite 265
Thomasview, DE 51649",N,miles
84,Stacy Martin,611-54-6001,"4648 Jessica Gateway
New Jacobstad, IA 92595",Y,hours
85,Theresa Gallegos,110-40-5330,"20697 Lindsay Fall
East Ryantown, MT 46042",Y,hours
86,Jeremy Gonzalez,828-12-7557,"397 Jessica Point Suite 171
North Clayton, WV 49838",Y,miles
87,Christopher Hunt,848-94-3846,"8029 Raymond Throughway
North Robertshire, SD 68653",N,miles
88,Adam Evans,513-25-1993,"PSC 4293, Box 0898
APO AE 70587",N,miles
89,Randall Cummings,270-82-1520,"94034 Patel Harbor Suite 830
Lake Michaelhaven, IA 17083",N,hours
90,Ashley Mitchell,136-29-1046,"184 Williams Brooks Apt. 998
Joefurt, VT 74127",N,hours
91,Thomas Crawford,764-98-7551,"605 Jeffery Hill
South Rachelland, AK 08535",N,hours
92,Derrick Young,715-80-0896,"7165 Matthew Mount Apt. 393
South Eric, VA 13432",Y,hours
93,Heather Medina,230-44-6772,"984 Torres Hollow
New Andrewshire, WA 31191",Y,hours
94,Brian Donovan,795-04-5237,"57677 Ashley Bypass
Lake Marissa, SD 37966",Y,miles
95,Jacqueline Frank,300-06-1902,"99867 Christopher Port Suite 797
Roychester, MD 96919",Y,hours
96,Dennis Fischer,520-35-3887,"584 Diana Crossing
Allenside, AK 30768",Y,hours
97,Timothy Watkins,485-72-3230,"PSC 3944, Box 8536
APO AE 60144",N,miles
98,Danielle Howard,101-98-1513,"9787 Melissa View Apt. 174
Kimborough, NE 00501",Y,hours
99,Henry Clark,003-63-8614,"4046 Ashley Walks Apt. 222
Lake Robert, AR 32499",N,miles
100,Lauren Crane,480-01-4982,"PSC 8095, Box 2639
APO AP 79088",N,miles
101,Dr. Susan Bonilla,864-90-4097,"PSC 8100, Box 0168
APO AP 05892",N,hours
102,Catherine Rodriguez,884-02-1645,"58694 Erik Ramp Suite 898
New Cynthia, WY 83363",N,hours
103,Brandon Thomas,892-51-8652,"02919 Wallace Landing
Katrinamouth, DC 85313",Y,hours
104,James Russell,630-60-4602,"7686 Levy Ranch Apt. 702
West Amberside, MN 28621",N,miles
105,Diana Lyons MD,679-45-7846,"46316 Lori Shores
Colemanland, WA 57218",N,miles
106,Julie Jackson,353-78-4016,"06333 Howard Fields Suite 166
Kaiserview, AL 19620",N,hours
107,Allison Rocha,270-17-7819,"287 Gilbert Extension Suite 289
Brandonbury, UT 39749",N,hours
108,Annette Barnes,655-48-7473,"982 Anna Terrace
Hallmouth, PA 83338",N,hours
109,Matthew Dillon,423-96-5168,"151 Christopher Land
Penaton, ND 26099",Y,miles
